Position_in_protein	Normalized_Entropy
1	0.63161
2	0.62883
3	0.45038
4	0.59520
5	0.12631
6	0.80104
7	0.13730
8	0.34395
9	0.61765
10	0.04148
11	0.00000
12	0.26459
13	0.67855
14	0.46399
15	0.47353
16	0.76904
17	0.71349
18	0.54096
19	0.81492
20	0.88223
21	0.66801
22	0.75342
23	0.74550
24	0.75607
25	0.84387
26	0.88159
27	0.82946
28	0.77215
29	0.77575
30	0.78761
31	0.68083
32	0.63747
33	0.63587
34	0.70038
35	0.69536
36	0.63102
37	0.70710
38	0.77141
39	0.67050
40	0.72689
41	0.75317
42	0.81691
43	0.74206
44	0.65098
45	0.79746
46	0.70791
47	0.82703
48	0.72474
49	0.74814
50	0.72675
51	0.60302
52	0.59359
53	0.63839
54	0.69973
55	0.78122
56	0.88157
57	0.72839
58	0.62441
59	0.60522
60	0.72690
61	0.72150
62	0.53691
63	0.68203
64	0.74563
65	0.75980
66	0.76189
67	0.67324
68	0.76085
69	0.66801
70	0.66038
71	0.77494
72	0.71857
73	0.69827
74	0.74344
75	0.71597
76	0.78351
77	0.83168
78	0.72802
79	0.67222
80	0.68174
81	0.71361
82	0.70558
83	0.57882
84	0.79743
85	0.64956
86	0.71381
87	0.69072
88	0.55850
89	0.66067
90	0.63708
91	0.64338
92	0.67863
93	0.70607
94	0.53979
95	0.41620
96	0.52060
97	0.61397
98	0.68021
99	0.65292
100	0.60303
101	0.71214
102	0.52968
103	0.71352
104	0.63125
105	0.75726
106	0.77819
107	0.70836
108	0.47420
109	0.69048
110	0.80087
111	0.71928
112	0.80174
113	0.72001
114	0.80619
115	0.67432
116	0.76611
117	0.81789
118	0.74691
119	0.57576
120	0.79596
121	0.81583
122	0.67429
123	0.75651
124	0.74888
125	0.80278
126	0.81197
127	0.68694
128	0.69536
129	0.60836
130	0.61884
131	0.77776
132	0.81015
133	0.61350
134	0.63364
135	0.70330
136	0.68127
137	0.70059
138	0.72299
139	0.60184
140	0.60498
141	0.76231
142	0.73486
143	0.77750
144	0.65678
145	0.69929
146	0.74062
147	0.59098
148	0.71500
149	0.64662
150	0.68041
151	0.62441
152	0.67885
153	0.73015
154	0.73005
155	0.69335
156	0.75576
157	0.67863
158	0.68372
159	0.44584
160	0.68283
161	0.70275
162	0.69931
163	0.80408
164	0.74075
165	0.73780
166	0.72340
167	0.16786
168	0.62361
169	0.76755
170	0.79747
171	0.71006
172	0.66752
173	0.91064
174	0.72704
175	0.67027
176	0.77035
177	0.79513
178	0.55809
179	0.75907
180	0.76368
181	0.70607
182	0.76967
183	0.70039
184	0.73985
185	0.69104
186	0.52551
187	0.46693
188	0.49267
189	0.40317
190	0.21672
191	0.22403
192	0.27199
193	0.24898
194	0.61171
195	0.69484
196	0.08634
197	0.33998
198	0.28373
199	0.82308
200	0.64962
201	0.62576
202	0.85451
203	0.84174
204	0.44241
205	0.72961
206	0.74245
207	0.80651
208	0.36504
209	0.84360
210	0.76475
211	0.65678
212	0.67192
213	0.79013
214	0.65684
215	0.71724
216	0.88829
217	0.75577
218	0.45934
219	0.59782
220	0.47612
221	0.53995
222	0.55377
223	0.30214
224	0.07311
225	0.33998
226	0.62113
227	0.84129
228	0.66842
229	0.58832
230	0.65462
231	0.73155
232	0.73260
233	0.61121
234	0.77884
235	0.73005
236	0.56353
237	0.65292
238	0.47159
239	0.74941
240	0.58352
241	0.53724
242	0.58352
243	0.61121
244	0.60040
245	0.51978
246	0.67607
247	0.70487
248	0.75000
249	0.57133
250	0.69716
251	0.50494
252	0.64200
253	0.54427
254	0.66139
255	0.50829
256	0.67637
257	0.62296
258	0.72377
259	0.58345
260	0.76098
261	0.79275
262	0.81153
263	0.67460
264	0.53489
265	0.69532
266	0.67604
267	0.78902
268	0.82267
269	0.79762
270	0.79003
271	0.64194
272	0.74119
273	0.64410
274	0.73522
275	0.64306
276	0.61414
277	0.56411
278	0.59011
279	0.75738
280	0.66141
281	0.73306
282	0.67939
283	0.59067
284	0.68626
285	0.48161
286	0.59207
287	0.71928
288	0.71771
289	0.59138
290	0.70038
291	0.62211
292	0.67523
293	0.44385
294	0.52098
295	0.51734
296	0.55661
297	0.61628
298	0.47210
299	0.54802
300	0.56605
301	0.66478
302	0.49552
303	0.63667
304	0.52098
305	0.43498
306	0.50000
307	0.65860
308	0.55979
309	0.55661
310	0.28960
311	0.44385
312	0.18771
313	0.44469
314	0.49877
315	0.57845
316	0.38513
317	0.53724
318	0.31721
319	0.44385
320	0.44469
321	0.63629
322	0.57845
323	0.63629
324	0.52060
325	0.69413
326	0.49239
327	0.31902
328	0.51734
329	0.51734
330	0.31902
331	0.26582
332	0.26582
333	0.26582
334	0.57845
335	0.54802
336	0.67523
337	0.57838
338	0.71381
339	0.52098
340	0.52098
341	0.33762
342	0.51734
343	0.12577
344	0.46276
345	0.33522
346	0.41474
347	0.42628
348	0.38513
349	0.13690
350	0.38513
351	0.67822
352	0.59359
353	0.65835
354	0.22936
355	0.70038
356	0.71630
357	0.59009
358	0.54802
359	0.55834
360	0.72235
361	0.65860
362	0.67607
363	0.56899
364	0.59810
365	0.62211
366	0.71379
367	0.67523
368	0.65835
369	0.51417
370	0.67423
371	0.52098
372	0.44469
373	0.52098
374	0.63216
375	0.62211
376	0.56899
377	0.60756
378	0.33211
379	0.67423
380	0.49877
381	0.35836
382	0.49877
383	0.49877
384	0.63629
385	0.52098
386	0.59810
387	0.52098
388	0.42628
389	0.51734
390	0.26582
391	0.45124
392	0.51734
393	0.53724
394	0.58345
395	0.51734
396	0.58345
397	0.45622
398	0.49008
399	0.65835
400	0.53215
401	0.54802
402	0.67423
403	0.55979
404	0.63629
405	0.40491
406	0.40491
407	0.49877
408	0.55661
409	0.52060
410	0.63629
411	0.55979
412	0.44092
413	0.63629
414	0.40491
415	0.41909
416	0.42495
417	0.50837
418	0.63062
419	0.18771
420	0.49877
421	0.57845
422	0.57845
423	0.57845
424	0.44092
425	0.57845
426	0.55979
427	0.40554
428	0.55979
429	0.33472
430	0.51734
431	0.58345
432	0.52098
433	0.44385
434	0.44385
435	0.44385
436	0.41474
437	0.52098
438	0.44385
439	0.44469
440	0.35214
441	0.34707
442	0.34707
443	0.46276
444	0.34707
445	0.34707
446	0.36673
447	0.00000
448	0.23138
449	0.23138
450	0.23138
451	0.00000
452	0.23138
453	0.23138
454	0.00000
